,9618.HK,9988.HK,3690.HK,0700.HK,1211.HK,ABEV.K,LZRFY.PK
18/04/2024,98.05,67.9,97.75,304.4,205.4,2.25,9.65
17/04/2024,98.75,68,97.55,300.8,203.8,2.26,9.57
16/04/2024,98.85,68.45,98.7,301.8,205.2,2.26,9.7
15/04/2024,101.2,70.4,101.6,304.4,208.2,2.32,9.92
12/04/2024,102.4,71.65,102.1,309.6,210.2,2.35,10.61
11/04/2024,105.8,74.2,104.5,315,211.6,2.4,10.471
10/04/2024,106.4,73.95,103.8,314.2,211.4,2.38,10.9
09/04/2024,101.6,70.5,99.7,305,207.2,2.45,10.99
08/04/2024,102.3,70.4,99.4,305.4,202,2.41,10.76
03/04/2024,104.4,70.35,98.95,308.4,198.2,2.45,10.5
02/04/2024,108.7,71,101.4,309.2,202.6,2.41,10.9
28/03/2024,107.9,70.25,96.8,303.8,201.6,2.48,11.37
27/03/2024,102.2,68.8,91.1,302,202.8,2.48,11.1
26/03/2024,104.7,70.3,93.4,299.4,216,2.47,11.056
25/03/2024,103.3,70.3,93.3,288.6,211,2.45,10.82
22/03/2024,103.6,71,88.25,288.8,214,2.47,11.08
21/03/2024,109.4,72.55,92.3,291.2,216.6,2.49,10.98
20/03/2024,106.9,71.25,88.8,288.8,215,2.5,10.876
19/03/2024,106.6,71.1,89.2,285,213.8,2.47,10.69
18/03/2024,107.3,72,90.4,289.8,216.8,2.51,10.45
15/03/2024,104.5,71.9,89.4,283.8,210.2,2.5,10.538
14/03/2024,106.4,73.45,92.9,289.2,212.6,2.52,10.85
13/03/2024,106.3,74,94.35,290.6,209.4,2.53,11.13
12/03/2024,106.3,74.85,93.4,290.8,209.6,2.56,10.75
11/03/2024,98.55,72.8,89.2,278.6,197.4,2.55,10.68
08/03/2024,92.6,71.25,84.7,270,188,2.56,10.595
07/03/2024,94.55,70.7,85.4,271,188.4,2.55,10.57
06/03/2024,89.2,71.85,88.7,274.6,192.9,2.54,10.364
05/03/2024,82.75,69.7,86.35,268.2,191.1,2.55,10.2475
04/03/2024,89.5,72.1,91.5,276.2,192.6,2.5,10.29
01/03/2024,90.55,73.05,88.4,277.4,194.7,2.48,10.55
29/02/2024,89.05,72.9,79.8,277.2,193.3,2.49,10.61
28/02/2024,91.2,74.25,78.35,277,192.9,2.69,10.777
27/02/2024,93.75,75.5,81.65,284.6,197.9,2.66,10.95
26/02/2024,93.05,74.15,81.15,287.2,187.9,2.59,10.43
23/02/2024,93.75,74.55,81.5,290.8,185.2,2.56,10.585
22/02/2024,95.35,74.85,79.75,291.4,187.3,2.59,10.72
21/02/2024,94.2,72.9,77,288.8,186.3,2.6,10.93
20/02/2024,91.7,72.15,73.4,284.2,182.2,2.56,10.93
16/02/2024,95.75,73,74.65,291.8,190,2.55,10.595
15/02/2024,91.25,71.3,71.35,285.4,182.9,2.56,10.5115
14/02/2024,89.1,70.8,71.1,290,182.9,2.56,10.03
09/02/2024,86.05,69.3,67.3,287.2,182.9,2.58,10.49
08/02/2024,88,70.3,68.15,287.2,184.1,2.56,10.54
07/02/2024,90.35,74.9,68.25,292.2,182.8,2.59,11.01
06/02/2024,92.75,76,69.25,290.8,180.9,2.65,10.5
05/02/2024,86.05,70.65,65.05,279.6,171.7,2.6,10.92
02/02/2024,86,70.7,63.25,279.4,172.8,2.63,10.775
01/02/2024,87.5,71.05,64.1,271.6,175.3,2.64,10.83
31/01/2024,86.8,69.55,62.55,270.6,174.3,2.62,10.89692982
30/01/2024,89.55,71.15,65.4,273.8,177.9,2.63,10.487421
29/01/2024,93.35,72.6,67.3,282,186.1,2.67,11.09669022
26/01/2024,91.35,70.9,66.7,282.8,190.2,2.68,11.58110919
25/01/2024,93.5,73.35,69.4,290.8,198.4,2.67,11.97563598
24/01/2024,90.4,72.6,70.3,281.8,199.4,2.64,12.44507292
23/01/2024,86.35,67.65,66.3,272,197,2.67,11.90571984
22/01/2024,82.5,65.45,65.4,262.2,190.9,2.65,11.74591152
19/01/2024,84.15,65.55,68.65,271.2,195.6,2.7,12.01558806
18/01/2024,86.3,66.65,69.8,277.6,196.4,2.7,12.54495312
17/01/2024,87.75,65.65,68.75,274.6,195.3,2.69,12.19537242
16/01/2024,93.4,68.4,73.9,282.4,205.2,2.69,11.985624
12/01/2024,98.3,70.55,75.25,288.4,211,2.77,12.81462966
11/01/2024,99.9,70.85,75.6,287.4,212.4,2.77,12.79465362
10/01/2024,98.2,69.3,71.75,280.2,204.6,2.81,12.64483332
09/01/2024,98,69.75,70.55,283.6,207.6,2.74,12.80464164
08/01/2024,101.2,70.35,73.95,288,204.8,2.79,12.80264404
05/01/2024,105.3,71.65,77.75,292.2,208.2,2.78,13.77347958
04/01/2024,107,74.05,77.5,298.8,209.6,2.76,12.6348453
03/01/2024,106.3,73.3,78,300.6,210.6,2.75,12.30524064
02/01/2024,109.8,74.7,79.4,296.6,209.4,2.76,12.31522866
29/12/2023,112.5,75.6,81.9,293.6,214.4,2.8,12.94447392
28/12/2023,112.6,75.85,82.35,293,213.6,2.82,12.93947991
27/12/2023,107.2,73.8,78.3,285,205.2,2.84,13.1841864
22/12/2023,105.8,71.85,76.6,274,202.6,2.81,12.89453382
21/12/2023,105.3,73.35,79.7,312.6,201.4,2.92,13.4338869
20/12/2023,106.1,72.55,78.8,314.2,200,2.9,12.85458174
19/12/2023,102.7,71.65,78.45,311.8,201.8,2.98,13.22413848
18/12/2023,105.5,72.1,83.15,311.6,203,2.95,13.12425828
15/12/2023,105.7,71.65,84.95,314.4,208.6,2.88,12.8346057
14/12/2023,98.8,69.1,81.75,306.4,205.2,2.91,13.19417442
13/12/2023,97.9,69.4,82.2,307,203.4,2.96,13.01439006
12/12/2023,100.3,70.1,84.6,311.4,207.4,2.85,12.11546826
11/12/2023,98.25,68.8,83.5,307.2,208.2,2.89,12.32521668
08/12/2023,104.8,70.5,86.65,305.6,210.8,2.89,12.55494114
07/12/2023,104,69.7,86.1,307.8,213,2.84,12.62485728
06/12/2023,103.4,70.15,86.4,311.6,213.2,2.83,12.28126939
05/12/2023,102.1,70.5,84.65,308.8,207.8,2.87,11.6859834
04/12/2023,103.8,70.8,86.45,316.8,206.6,2.82,12.34519272
01/12/2023,105.8,71.85,87.9,319,206,2.85,12.39513282
30/11/2023,106.7,72.75,90.6,327,210,2.74,12.22683468
29/11/2023,106.6,72.7,90.45,317,211.8,2.72,12.09549222
28/11/2023,108.3,74.35,103,319.6,219,2.79,12.16540836
27/11/2023,110.7,76.1,108.6,322.8,222.2,2.76,11.92180055
24/11/2023,110.5,76.2,109.1,321.2,228.4,2.75,12.27527658
22/11/2023,110.2,76.85,111.4,324.4,240,2.76,12.52497708
21/11/2023,110.8,76,110.5,324.8,242.2,2.73,12.984426
20/11/2023,108.6,74.45,109,326.6,244.4,2.78,12.64483332
17/11/2023,105.4,73.25,107.3,315.2,244.2,2.77,12.7347255
16/11/2023,108,81.35,111.7,324.8,251.2,2.79,12.75470154
15/11/2023,105.9,83.2,113.3,322.6,250.4,2.8,12.06153295
14/11/2023,99.55,79.2,108.3,307.8,243,2.8,12.25530054
13/11/2023,100.8,80.65,111.6,309.8,242.2,2.74,11.39133681
10/11/2023,99,79.6,110.7,302.8,241.2,2.72,11.49621102
09/11/2023,102.1,82.15,115,306.8,246,2.71,11.25649854
08/11/2023,103.7,82.5,115,308.4,245.8,2.76,11.4362829
07/11/2023,104.6,83.15,115.5,308.6,248,2.77,10.8869418
06/11/2023,107,84.85,117.2,312.6,249.2,2.75,11.22653448
03/11/2023,103.1,82.85,111,302.6,241,2.7,11.3364027
02/11/2023,99.4,80.5,108,288.6,232,2.61,10.84698972
01/11/2023,98.75,79.6,109,287,233.2,2.58,10.35757674
31/10/2023,99.8,80.05,110.6,289.2,237.4,2.53,9.76828356
30/10/2023,101.3,81.85,114,295.4,246.2,2.43,9.87815178
27/10/2023,101.4,82.4,113,292.8,245.8,2.44,9.99800802
26/10/2023,98.1,79.75,109.8,287.6,242.4,2.5,10.64404502
25/10/2023,96.65,79.3,109.6,287.8,241.4,2.46,10.58419097
24/10/2023,93.9,77.2,107.5,283,238.6,2.5,10.4146045
20/10/2023,96.65,78.5,107.8,289,244.4,2.46,10.11533425
19/10/2023,97.2,79.15,110.4,291.2,248,2.45,10.46448287
18/10/2023,102.8,81.45,113.7,300,257.4,2.45,10.07543156
17/10/2023,106,82,114.5,302.2,240.8,2.52,11.12287741
16/10/2023,103.7,81.3,113.7,301.2,240.4,2.56,10.65402069
13/10/2023,104.2,82.6,114.6,306.8,243.4,2.55,11.29545658
12/10/2023,117.7,85.85,118.4,316.6,248.6,2.54,11.4820017
11/10/2023,117.1,84.6,116.5,311,241.2,2.6,11.01314499
10/10/2023,115.4,83.4,112.3,308.2,236.6,2.6,11.47202603
09/10/2023,113.8,82.1,108.9,307,235,2.53,10.98321796
06/10/2023,113.2,82.9,108.3,305.2,233.8,2.54,11.4820017
05/10/2023,111.5,81.35,105.9,299.8,232.2,2.49,11.24857091
04/10/2023,110.3,81.75,106.9,297.6,231,2.55,11.227622
03/10/2023,111.4,83.1,110,300.6,238.6,2.5,11.12287741
29/09/2023,115.1,85.6,114.6,306.2,242,2.58,12.18029894
28/09/2023,111.1,83,110.8,297.4,235,2.56,12.62920431
27/09/2023,113.4,84.5,114.8,302,237.4,2.53,11.37226928
26/09/2023,112.3,83.95,116.3,300,239.2,2.57,12.60925296
25/09/2023,115.4,84.35,117.2,304.4,247.8,2.62,11.6815152
22/09/2023,120.3,85.9,120.8,313.6,248.2,2.63,11.7613206
21/09/2023,116.7,82.65,116.3,303,240.4,2.65,12.97835292
20/09/2023,118,84.5,119.2,309.2,244.4,2.73,12.97835292
19/09/2023,119.6,84.8,121.7,312.4,246.6,2.73,12.18029894
18/09/2023,121,84.2,122,312.2,247,2.73,12.33990974
15/09/2023,124.6,86.25,124.3,317.2,247.4,2.73,12.98972519
14/09/2023,124,85.9,123,319.8,244.8,2.73,12.53942323
13/09/2023,123.7,85.55,123.1,320.2,247.8,2.74,12.71898538
12/09/2023,124.7,86.3,124.8,322,254.8,2.73,12.43966648
11/09/2023,125.6,88.05,125.7,324,247.8,2.78,12.50949621
07/09/2023,128.5,90.8,125,321.6,247.2,2.74,11.95085842
06/09/2023,132.6,92.25,128.3,327.6,249.2,2.77,12.09051787
05/09/2023,132.2,92.35,128.6,329,247.6,2.78,12.56935026
31/08/2023,128.8,90.2,128.5,325,245.8,2.77,12.65913133
30/08/2023,131.8,90.35,134.2,325.8,244.8,2.88,13.04818265
29/08/2023,133.8,90.9,137.3,329.4,237.8,2.9,13.31752587
28/08/2023,131.1,88.9,134.7,325.2,225.2,2.88,12.82033824
25/08/2023,130,87.5,132.2,320,223.6,2.86,12.9484259
24/08/2023,133.2,89.55,140,325.2,225.8,2.87,13.76643123
23/08/2023,131,87.3,130.3,318,220.2,2.93,13.71675237
22/08/2023,131.3,87.35,129.2,319,220.8,2.88,13.29338473
21/08/2023,129,85.7,127,318,218.6,2.85,13.38735559
18/08/2023,131.2,87,129.9,325,225.2,2.86,12.63917998
17/08/2023,138.6,90.1,133.6,332.8,234,2.83,12.72896105
16/08/2023,140.6,89.25,132.4,328.8,230.4,2.84,12.8686205
15/08/2023,142.2,91.2,133.9,332.6,235.4,2.82,12.99371546
14/08/2023,144.2,92.8,135.4,333.2,238.6,2.86,13.58686909
11/08/2023,146.1,95.3,137.2,335.8,254.4,2.9,13.88613933
10/08/2023,149.1,94.3,141,339.8,259.4,2.92,13.69660151
09/08/2023,149.1,94.1,140.9,337.2,259,2.91,13.52701504
08/08/2023,148.4,93.05,140.1,334.8,259.6,2.94,13.6417353
07/08/2023,155.2,95.6,144.7,341.2,270.2,2.96,13.71655286
04/08/2023,155,95.15,144,343.4,268.2,2.98,13.94599338
03/08/2023,150.3,93.15,140.2,342.2,269.8,2.95,13.73650421
02/08/2023,152.7,95.15,140.7,343.4,269,3.09,14.20536093
01/08/2023,158.2,97.85,145.5,354,274.8,3.1,14.14550688
31/07/2023,159.8,97.5,146.3,354.4,275.6,3.12,14.46472847
28/07/2023,153.4,95.9,142.4,350.4,271.2,3.13,14.1754339
27/07/2023,151.3,95.45,136.6,343.8,266.4,3.07,13.94798852
26/07/2023,149.5,93.85,134.9,341,265.8,3.14,14.10560418
25/07/2023,152.3,95.15,134.8,345,266.2,3.14,14.52458252
24/07/2023,141.4,89.55,125,325,260.4,3.15,14.73307412
21/07/2023,145.2,91.3,128.2,333,267,3.16,14.85377979
20/07/2023,142.9,89.5,126.7,332.8,266.8,3.09,14.75402304
19/07/2023,142.8,90.35,127.7,333,265.2,3.02,14.79392574
18/07/2023,143.5,89.7,129.1,336.4,265,3.02,14.64429062
14/07/2023,150.5,92.95,132.5,352.6,262.6,3.04,14.64429062
13/07/2023,150.7,92.75,134.6,349.8,264,3.06,14.62433927
12/07/2023,141.6,89.85,127.3,340,261.2,3.02,14.67421764
11/07/2023,139.5,88.75,122,333.8,264,3,14.2153366
10/07/2023,137,87,121.1,328.8,256.8,3.05,15.21290408
07/07/2023,134.7,84.3,119.1,326.6,254.6,3.03,14.3749474
06/07/2023,135.5,81.5,120.6,326.8,262.4,3,14.10560418
05/07/2023,138.7,82.65,124.5,335.4,262.2,3.13,14.32506902
03/07/2023,138.3,83.55,126.4,338,261.2,3.18,14.27519065
30/06/2023,132.4,81.2,122.3,331.6,250,3.18,14.14391077
29/06/2023,132.9,82.2,124.7,333.6,247.8,3.1,13.76643123
28/06/2023,138,84.35,127.1,336.2,252.2,3.1,13.74149205
27/06/2023,139.7,85.45,126.2,341.4,252.6,3.19,13.98589608
26/06/2023,136.1,83.25,124,332.8,254.6,3.19,14.52458252
23/06/2023,140.1,84.05,124.7,337,256,3.2,14.43280631
21/06/2023,142.6,84.7,127.6,340.4,264.6,3.19,14.64429062
20/06/2023,149.7,88.35,132.3,350,263,3.11,14.24007627
16/06/2023,157.4,91.6,138,363,267.4,3.09,13.76643123
15/06/2023,155.2,89,137.2,355,268.6,3.13,13.90758703
14/06/2023,147.5,85.15,127.3,345.6,258.8,3.14,13.9632513
13/06/2023,147.4,85.7,128,344.8,257.8,3.1,13.88035344
12/06/2023,143.8,84,127.6,338.4,255.6,3.08,13.83626096
09/06/2023,145,83.9,127.1,336,251.2,3.1,13.83626096
08/06/2023,144.7,83.35,124.4,334.8,247.8,3,14.03018808
07/06/2023,144.2,84.05,123.5,335.6,252.8,2.99,13.80174512
06/06/2023,141.4,82.35,121.8,331.2,252,2.98,14.19538525
05/06/2023,138.4,82.75,121.6,338.2,248.2,2.88,13.82309307
02/06/2023,138.5,82.5,121.6,334.2,245,2.9,13.25467912
01/06/2023,130,77.3,112.8,315.4,234.4,2.82,12.81874213
31/05/2023,125.9,77.9,110.2,310.6,236.4,2.79,12.11046922
30/05/2023,130,78.8,116.4,316.2,234.8,2.83,12.30998271
25/05/2023,130.1,78.65,126,322.4,234.6,2.91,12.58930161
24/05/2023,135.3,81.05,130.4,332.4,248,2.94,12.60925296
23/05/2023,138.4,83,132.8,335.6,250,2.88,12.55937458
22/05/2023,140.1,83.6,132.6,340.2,252.2,2.89,12.37961292
19/05/2023,137.2,82.45,128.6,333.2,244,2.88,12.50710205
18/05/2023,144,87.75,133.5,339.8,243.8,2.9,12.46959351
16/05/2023,146.8,85.75,137.4,344.8,244.2,2.94,12.07056652
15/05/2023,141.1,85.45,136.3,341,245.4,2.96,12.69903403
12/05/2023,144.8,84.65,131.8,328.2,243.2,2.91,12.33990974
11/05/2023,135,82.65,128.5,326.4,246.2,2.9,12.25132574
10/05/2023,135.6,80.2,129,329.6,243.4,2.88,12.50949621
09/05/2023,136.5,79.45,130.3,328.4,237.6,2.86,12.40973946
08/05/2023,139.5,81.95,134.2,340.8,240,2.87,11.83115032
05/05/2023,140.8,81.65,135.6,342.8,235,2.89,11.79104811
04/05/2023,137.5,80.7,132,337.8,234.2,2.91,12.33073212
03/05/2023,134.3,80.35,131.3,339.4,232,2.88,12.64915566
02/05/2023,138.2,82.3,132.5,345.8,231.8,2.8,10.86350987
28/04/2023,135.9,82.05,133,344.4,236,2.8,12.35986109
27/04/2023,135.9,81.8,134,345,236,2.8,11.42214765
26/04/2023,136.1,83.3,133.1,348.2,232.8,2.77,11.12287741
25/04/2023,132.7,84.1,131.6,338.4,223,2.79,10.95329094
24/04/2023,138.4,86.9,137.6,345,229.8,2.82,11.06302336
20/04/2023,142.9,91.75,140.4,357,227.6,2.88,10.95246183
18/04/2023,148.5,94.8,135.3,365.4,229.6,2.92,11.31184976
17/04/2023,149.4,95.4,135.6,371,231.8,2.95,11.56100945
14/04/2023,147.7,94.5,129.5,365.4,226.8,2.94,11.55104306
13/04/2023,149.9,94.15,130.9,363.2,222.2,2.93,11.62359836
12/04/2023,153,96.05,131,357.2,222.6,2.97,11.41151363
11/04/2023,158.6,99.3,135.4,376.6,227.8,2.91,10.73878248
06/04/2023,159,97.75,133.8,385.4,227.4,2.84,9.836824417
04/04/2023,164,95.65,133.9,385,227.2,2.82,10.20139487
03/04/2023,169.7,98.55,140,388.2,231.4,2.81,9.717227768
31/03/2023,172,100.4,143.5,385.8,229.8,2.82,10.25541269
30/03/2023,163.2,96.9,142,385,225.2,2.87,10.63413541
29/03/2023,159.1,94.55,140,384.8,218,2.86,9.956421067
28/03/2023,156.1,84.25,134.6,378.2,211.4,2.78,10.0859841
27/03/2023,153.2,85.25,131.4,362.8,208,2.66,9.836824417
24/03/2023,158.8,85.3,140.2,376.8,211.2,2.63,9.481024385
23/03/2023,158.8,86.2,141.1,375.6,211,2.59,9.398303369
22/03/2023,152.9,82.85,130.3,347.2,206.2,2.63,9.790979035
21/03/2023,150.1,80.5,130.1,343.6,202,2.63,9.966387454
20/03/2023,150.4,79.2,128.9,334.8,199.1,2.68,9.956421067
17/03/2023,154.6,81.5,130.4,339.4,205,2.69,9.66739583
16/03/2023,155,80.5,126.3,336,200,2.71,10.44886027
15/03/2023,159.2,82.05,126.7,344.6,200,2.65,10.05608494
14/03/2023,155.5,80,125.4,341.6,195.8,2.65,10.33514379
13/03/2023,159,83.25,129,344.8,200,2.56,10.37002615
10/03/2023,158.7,81.15,127.4,331.6,201.2,2.58,10.76369845
09/03/2023,179.3,84.5,129.4,340.2,219,2.62,10.69792029
08/03/2023,178.3,85.75,131.9,349.6,217.4,2.63,10.78363123
07/03/2023,186.4,88.6,137.9,357,223.8,2.57,10.18564798
06/03/2023,187.3,87.25,142.9,363,226.8,2.61,10.39494211
03/03/2023,184.7,88,142.3,367.6,225.2,2.52,10.46470683
02/03/2023,179.1,87.6,141.3,362.8,223.2,2.52,12.82674065
01/03/2023,183.3,91.9,142.8,368.8,224.4,2.58,10.70390013
28/02/2023,173.7,86.5,136.1,343.6,211.2,2.55,10.56038415
27/02/2023,178,89.4,136.2,349.4,215.4,2.57,10.68396735
24/02/2023,178.4,90.05,134.4,349.4,223,2.55,10.52779406
23/02/2023,187.3,95.15,139.1,356,225,2.58,10.63413541
21/02/2023,189.7,95.2,139.8,361.8,227.8,2.52,10.98893881
17/02/2023,210.6,99.45,144.2,373.8,229.6,2.52,11.00289175
16/02/2023,212.6,102.1,148.3,382.6,235.2,2.5,10.99292536
15/02/2023,202,100.9,145.9,377,236.2,2.52,10.79758417
14/02/2023,203.6,102.5,147.7,378.6,238.6,2.49,10.59426986
13/02/2023,207.4,104,148.2,386.6,241,2.51,10.97797578
10/02/2023,210.4,104.1,148.1,383.4,240.6,2.44,10.81353039
09/02/2023,224.6,107.6,153.5,395.6,249.4,2.45,10.76369845
08/02/2023,219.2,103.5,153.1,382.2,242,2.5,11.14242117
07/02/2023,222.6,104.8,163.7,380,245.4,2.49,11.19225311
06/02/2023,222.6,103.2,164.1,376.8,245.8,2.5,11.3566985
03/02/2023,230.8,106.1,172.8,385,254.8,2.51,11.2819506
02/02/2023,236.4,109,176.6,383,262,2.58,11.81614897
01/02/2023,238,110,180.1,385,260,2.59,11.69057248
31/01/2023,231.6,107.6,174.6,382.2,245,2.66,11.71180089
30/01/2023,237.4,109,173.5,387.2,239.6,2.62,11.36865817
27/01/2023,251.4,117.3,174.9,415,246.2,2.65,11.31184976
26/01/2023,245.4,117.5,172.4,406.8,240,2.68,11.6626666
20/01/2023,238.8,116.3,168.1,391.8,226.4,2.6,10.58430348
19/01/2023,231.8,112.2,160.2,382.8,226.6,2.6,10.95061345
18/01/2023,235.4,114.1,163.6,380,221.6,2.65,11.17271321
17/01/2023,239.6,114.5,164.8,373.8,221.4,2.72,10.79355008
13/01/2023,248.2,112.7,171.2,371.4,230.6,2.71,10.46757139
12/01/2023,247.4,110.8,173,364,228.4,2.74,10.56716769
11/01/2023,246.6,112.9,174,373.8,217,2.72,10.60700621
10/01/2023,250,109.5,178.5,362.4,207.2,2.76,10.44765213
09/01/2023,250,110.4,180.6,362,201.4,2.72,9.650881706
06/01/2023,250,101.6,182.7,349.4,202.4,2.71,9.869993571
05/01/2023,247.4,99.6,190.8,347.8,207.8,2.64,9.516426698
04/01/2023,241,96.4,181.3,342.869858,203,2.61,9.379481782
03/01/2023,224.8,88.65,176.8,327.8633656,201.6,2.59,9.192738715
30/12/2022,220.2,86.25,174.7,317.225852,192.6,2.72,9.84011468
29/12/2022,218,85.55,183.8,318.3655856,191,2.75,10.21858063
28/12/2022,230.4,87.7,184.2,309.8175836,193,2.75,10.22854026
23/12/2022,227.8,86.5,183.2,304.1189156,194.1,2.81,10.69664288
22/12/2022,232.6,87.9,186.2,307.5381164,201.6,2.76,9.969589874
21/12/2022,219,84.45,174.2,295.380958,198.1,2.75,9.993492986
20/12/2022,220.4,84.05,175.5,293.8613132,201.6,2.76,9.81023579
19/12/2022,224.2,87.05,178.8,304.3088712,204.4,2.85,9.541325773
16/12/2022,225,86.45,175.9,300.8896704,208,2.76,9.372012059
15/12/2022,221.6,85.9,176.8,301.6494928,206.8,2.8,9.451689101
14/12/2022,228,89.5,182.8,308.67785,207.8,2.85,9.42181021
13/12/2022,228,88.35,179,302.4093152,210.4,2.85,9.352092798
12/12/2022,230,88.35,175.4,301.6494928,211.2,2.87,9.82019542
09/12/2022,236.8,91.85,188.5,309.2477168,215,2.92,10.12894396
08/12/2022,234,89.4,178.3,301.4595372,212.8,2.97,10.27833841
07/12/2022,221.8,85.05,167.5,285.1233556,200.2,3.03,10.71158233
06/12/2022,235.8,89.85,173.8,296.1407804,199.7,3,10.7364814
05/12/2022,241.6,92.65,174.3,298.230292,196,3.01,10.62194565
02/12/2022,217.2,84.8,168,281.134288,191.4,3.1,11.2942207
01/12/2022,217,82.8,163,279.6146432,193.5,3.08,11.23446291
30/11/2022,218.8,79.9,163.6,272.7762416,191.5,3.05,11.50337293
29/11/2022,210.8,78.75,155.4,271.4465524,182,2.92,11.45357478
28/11/2022,190.1,72.2,139.4,256.44006,172.8,2.93,10.89583549
25/11/2022,198.7,74.75,136.6,259.289394,172.3,2.91,10.97053271
23/11/2022,204.2,75.4,138.4,267.837396,175,2.92,11.02531068
22/11/2022,197.6,73.1,139.9,263.4684172,178.2,2.87,11.37389774
21/11/2022,206.6,76.15,152.5,268.9771296,184.4,2.92,11.02531068
18/11/2022,218,79.95,160.4,273.3461084,184.6,2.87,11.07510883
17/11/2022,210.4,78.25,153,277.335176,187,2.82,11.10996754
16/11/2022,212.8,78.8,162.3,279.6146432,192,2.83,11.08506846
15/11/2022,217.4,78.9,166.4,273.536064,195.5,3,12.88776153
14/11/2022,200.8,71.05,156.5,247.5121468,190.5,2.97,12.33998187
11/11/2022,192.5,70.8,159.6,245.4226352,193.4,2.99,11.99139481
10/11/2022,165.8,63,141.9,219.7786292,178,2.93,11.89179851
09/11/2022,172.1,66,144.3,224.9074304,187,3.15,13.38076323
08/11/2022,178.2,67.1,148.8,233.4554324,196.1,3.2,13.90364382
07/11/2022,177,69.7,153,233.0755212,198.5,3.13,13.71441085
04/11/2022,171.6,69.9,149.5,226.6170308,197,3.24,14.58587849
03/11/2022,152.5,63,141.5,210.2808492,187.4,3.08,14.08461194
02/11/2022,161.6,67.4,146.7,219.0188068,190.9,2.97,13.81341909
01/11/2022,157.3,66.1,139.6,215.9795172,183.6,3.06,13.80346706
31/10/2022,145.1,61.45,124.8,195.2743568,175.7,3.04,13.4949541
28/10/2022,146.6,61.75,121.8,190.7154224,165.7,2.93,12.52960709
27/10/2022,157.1,64.85,131.8,202.4926696,183.8,2.89,12.56941521
26/10/2022,148.4,62.3,129.7,200.9730248,187.1,2.8,11.95238929
25/10/2022,148.9,63.6,123.5,196.0341792,182.9,2.77,12.30578591
24/10/2022,141.8,61.65,120.6,195.8442236,185.5,2.83,12.66644751
21/10/2022,163.3,69.6,141.6,221.1083184,195.4,2.94,13.1764891
20/10/2022,162,69.9,140.8,220.7284072,194.7,2.83,12.85802411
19/10/2022,168.4,72.7,144.5,231.745832,198.4,2.76,13.24615332
18/10/2022,178.3,76,154,241.6235232,205,2.8,12.77840786
17/10/2022,171.9,73.2,149.7,234.7851216,193,2.79,12.47984693
14/10/2022,174.8,73.25,149,236.6846776,194.9,2.74,12.03200553
13/10/2022,176.6,72.75,146,233.8353436,191.5,2.83,12.51965506
12/10/2022,185.3,74.35,150.4,240.8637008,195,2.79,12.31663362
11/10/2022,182.4,76,151.4,241.8134788,188.9,2.8,12.31563842
07/10/2022,199.4,81.35,172.9,257.0099268,197.5,2.89,12.3405185
06/10/2022,206.8,83.15,177.1,263.8483284,205,3.05,12.75452299
05/10/2022,213,84.2,174.9,264.988062,209.8,3.07,12.54254473
03/10/2022,193.4,77.65,161.7,250.5514364,192,3.11,12.44999084
30/09/2022,198.6,77.95,165.6,253.0208592,194.4,2.83,11.19603493
29/09/2022,202,76.85,170.2,257.0099268,200.8,2.86,11.20598696
28/09/2022,201,74.7,168.8,260.239172,205,2.9,11.220915
27/09/2022,213,77.9,174.2,266.6976624,214.2,2.83,11.32541133
26/09/2022,210,78.7,167.5,268.9771296,213.4,2.8,11.41497961
23/09/2022,205,78.4,160.3,261.18895,210.6,2.88,12.01210147
22/09/2022,212.2,80.85,164.9,268.787174,215,2.99,12.68883958
21/09/2022,218.4,83.05,167.5,271.636508,217.2,2.95,12.07181366
20/09/2022,225,86.2,172.6,278.6648652,222,3,12.36042256
19/09/2022,217.4,83.7,169.4,274.485842,215.8,2.96,12.08176569
16/09/2022,223,86.8,171.9,278.4749096,215.2,2.83,11.67870843
15/09/2022,226.8,88.1,175.4,284.9334,217.2,2.87,11.88272507
14/09/2022,223.6,87.1,173.8,284.5534888,220,2.92,12.20119006
13/09/2022,233.4,91.2,177.8,289.4923344,228,2.94,12.1185882
09/09/2022,243.4,89.8,179.9,291.581846,221.6,3,12.21114209
08/09/2022,235.2,87.2,171.5,286.6430004,216.2,2.92,11.75334866
07/09/2022,233.8,87.4,172.1,295.9508248,223,2.98,11.79315679
06/09/2022,236.6,88.05,173.4,298.4202476,220.8,2.93,11.75334866
02/09/2022,244,90.65,176.2,312.0970508,228.4,2.93,12.06186163
01/09/2022,245,92.2,178.7,308.2979388,232.6,2.88,11.85684979
31/08/2022,246.8,94.3,189.8,310.7673616,242.2,2.9,11.72349257
30/08/2022,247,95.2,185,307.3481608,263,2.95,12.04195757
29/08/2022,245,95.15,186.7,306.778294,264.2,3.04,12.181286
26/08/2022,248.4,95.8,181.9,307.9180276,265,3.03,12.04991919
25/08/2022,246.2,93.8,177.3,308.67785,262.2,3.04,12.33056647
24/08/2022,221.8,86.25,164.1,294.43118,258.8,3.04,12.47984693
23/08/2022,221.4,88.4,168.7,297.0905584,273,2.98,12.3106624
22/08/2022,218.8,88.5,171.1,295.0010468,278,2.94,11.8926771
19/08/2022,217.2,89.5,169.9,299.18007,279.4,2.99,12.0220535
18/08/2022,217.6,88.25,171.1,296.9006028,283.4,3.03,12.26587826
17/08/2022,223.2,90.35,170,287.9726896,288.8,2.98,12.25095022
16/08/2022,221.2,89.95,164.5,287.782734,284.8,2.97,12.13152584
15/08/2022,222.2,91.75,180.9,285.3133112,286,3,12.52960709
12/08/2022,222.6,92.9,179.1,288.9224676,286.8,2.96,12.38530264
11/08/2022,221.2,91.75,176.4,288.3526008,286,2.9,12.20119006
10/08/2022,218.4,87.95,169.6,280.7543768,279.6,2.95,12.50970302
09/08/2022,228.6,89.6,176,283.033844,289.8,2.82,11.84291694
08/08/2022,237.4,88.8,179.6,284.3635332,292.4,2.85,12.25095022
05/08/2022,245.4,92.9,183.5,292.1517128,291.4,2.76,11.88272507
04/08/2022,246,95,183.8,296.330736,295,2.78,11.82301288
03/08/2022,233.2,90.35,177.1,287.4028228,287.8,2.72,11.22589102
02/08/2022,228.2,87.05,176.2,280.18451,287,2.73,10.80790572
01/08/2022,235,89.6,180,284.5534888,295.8,2.77,11.06665852
29/07/2022,233.8,93.1,176.3,291.3918904,285.6,2.82,10.69843337
28/07/2022,245,99.15,188,304.6887824,289.2,2.88,11.08158657
27/07/2022,248.8,101,190.1,304.1189156,288,2.83,10.8676179
26/07/2022,251.4,104.4,190.7,312.8568732,289,2.72,10.14609565
25/07/2022,247,99.6,188.2,310.0075392,283.8,2.69,10.43968057
22/07/2022,247,102.1,191.7,315.326296,285.4,2.61,10.01174323
21/07/2022,247.4,102,190.4,317.225852,284.4,2.61,9.7131823
20/07/2022,245.6,103.2,194.7,321.5948308,288,2.59,9.623614021
19/07/2022,241,100.9,189.1,316.4660296,290,2.65,9.969944701
18/07/2022,244,103.9,189.7,315.8961628,293.8,2.64,9.912222921
15/07/2022,236.6,102.2,179.2,308.67785,294.2,2.65,10.0664794
14/07/2022,244,108.7,182.5,318.17563,283,2.69,9.971935108
13/07/2022,237.6,107.4,180.5,318.5555412,268.2,2.66,10.14111964
12/07/2022,230.8,107.8,178,320.8350084,270.2,2.51,9.830616267
11/07/2022,235,114,181.6,325.2039872,306.8,2.57,9.986863154
08/07/2022,245.8,121,192.3,334.8917228,320.8,2.68,10.51929682
07/07/2022,247.2,116.7,194.4,333.9419448,325,2.63,10.33020823
06/07/2022,250,117,195.9,330.1428328,317.4,2.59,10.13614362
05/07/2022,260.2,115.2,197.7,331.2825664,313.6,2.56,9.743038394
30/06/2022,252.8,111.9,194.2,336.6013232,314,2.51,9.305149028
29/06/2022,251.4,114.5,202.8,346.66897,315,2.58,9.872414797
28/06/2022,259.4,118.1,207.6,347.4287924,331.4,2.51,9.703230269
27/06/2022,265.4,118.1,205,359.2060396,318,2.59,9.772894487
24/06/2022,249.8,113.9,198.1,364.9047076,310.2,2.57,9.474333555
23/06/2022,243.6,108,192.6,356.16675,310,2.52,9.659441333
22/06/2022,240.8,101.5,191.6,351.41786,296.6,2.53,9.653470114
21/06/2022,256.8,105.8,201.2,361.865418,299.6,2.51,9.529666848
17/06/2022,261.2,104.5,199.1,350.8479932,293,2.49,9.653470114
16/06/2022,246.2,102.4,189.2,349.1383928,290.8,2.45,9.524093711
15/06/2022,250.4,105.6,197,360.7256844,295.8,2.54,10.17595174
14/06/2022,241.2,101.2,194.4,357.116528,303.8,2.51,9.344957152
13/06/2022,239.2,103.8,188.2,358.066306,308.2,2.55,9.389741291
10/06/2022,250.8,112.8,201.2,376.4919992,315.8,2.67,10.2904001
09/06/2022,249,111.3,201.8,374.9723544,300,2.71,10.66360127
08/06/2022,254.2,108.8,208.2,371.7431092,302,2.78,10.60886509
07/06/2022,238.8,98.8,199,349.1383928,293.8,2.79,10.99699431
06/06/2022,231.8,96.95,198.1,349.1383928,300.6,2.88,11.09651462
02/06/2022,221.4,92.3,180.2,340.970302,284.4,2.93,11.71354054
01/06/2022,224.2,94.6,182.5,342.2999912,282.6,2.93,11.95238929
31/05/2022,226,96.25,187,344.1995472,280,2.96,11.97726936
27/05/2022,208.4,91,163.9,324.6341204,268.6,2.96,12.21114209
26/05/2022,197.4,81.1,158.6,317.4158076,263.8,2.94,12.02702952
25/05/2022,198.6,82.35,159.7,317.225852,261.2,2.87,11.75334866
24/05/2022,201.6,83.6,159.6,321.024964,254.8,2.89,11.44981172
23/05/2022,212.8,85.1,167.7,329.3830104,270.4,2.9,11.57918812
20/05/2022,211.6,88.05,173,334.5118116,268.6,2.82,11.29555524
19/05/2022,199.8,83.35,165.5,324.6341204,259.6,2.82,11.15125079
18/05/2022,207.4549032,90,172,347.2388368,260.2,2.8,11.05670649
17/05/2022,209.7990264,90.55,173.7,349.8982152,254,2.94,11.30550727
16/05/2022,195.3436,84.6,163.5,332.4223,237.6,2.89,11.0268504
13/05/2022,194.9529128,82.2,167.6,336.6013232,237.2,2.86,11.02187438
12/05/2022,187.529856,80,157,326.9135876,225.8,2.78,10.62876916
11/05/2022,203.3526876,85.65,161.4,332.8022112,233.2,2.66,10.37001635
10/05/2022,203.157344,86,151.8,324.0642536,215,2.64,10.1311676
06/05/2022,221.3242988,90.35,157,331.6624776,228.6,2.62,11.94243725
05/05/2022,235.9750688,96.7,164.7,347.9986592,238.4,2.71,10.44366138
04/05/2022,234.0216328,96.55,164.5,349.8982152,236.6,2.89,10.89747399
03/05/2022,243.9841564,100.3,172.4,360.91564,234.8,2.83,10.39987244
29/04/2022,259.4163008,102.1,172,358.4462172,235.8,2.91,11.0915386
28/04/2022,224.2544528,88.25,148.9,322.7345644,227.2,2.95,11.04675446
27/04/2022,214.6826164,84.55,147.9,317.9856744,224,2.92,10.8029297
26/04/2022,207.2595596,84.9,145.3,318.9354524,224.2,2.92,10.54915291
25/04/2022,196.1249744,81.85,138.6,310.9573172,219.4,3.06,11.32541133
22/04/2022,203.5480312,86.65,141.4,323.4943868,231.6,3.02,11.99219741
21/04/2022,201.5945952,87.9,137.8,330.522744,231.2,3.11,14.21150033
20/04/2022,215.6593344,90.7,144.9,343.819636,238.6,3.18,12.45994287
19/04/2022,217.0267396,91.5,146,345.719192,240,3.13,12.39027865
14/04/2022,221.1289552,95.5,155.2,355.5968832,239.8,3.1,12.02802472
13/04/2022,222.4963604,98.5,154.1,354.8370608,229,3.14,12.24099819
12/04/2022,218.9801756,99,153.9,347.9986592,223.6,3.21,12.36042256
11/04/2022,210.3850572,98.5,147.5,335.8415008,220.8,3.24,11.89665791
08/04/2022,217.2220832,103.8,156.5,351.0379488,238.4,3.12,12.12654983
07/04/2022,221.9103296,105.2,159.3,355.5968832,235.6,3.14,12.14147788
06/04/2022,229.3333864,107.6,160.9,361.865418,239.2,3.14,12.41515873
04/04/2022,240.8586588,113.7,167,370.41342,243.6,3.28,13.29591348
01/04/2022,223.668422,109.7,155.5,359.7759064,225.2,3.29,14.43044502
31/03/2022,228.552012,112.1,155.6,355.4069276,224.4,3.23,12.5992713
30/03/2022,232.458884,113.9,160.1,361.4855068,223.8,3.14,12.83812005
29/03/2022,232.8495712,113.5,159.3,358.2562616,216,3.18,12.96749645
28/03/2022,219.5662064,111.1,150.6,347.9986592,211.4,3.06,12.89783223
25/03/2022,223.4730784,107.4,135,338.5008792,211.6,3,12.69879161
24/03/2022,235.9750688,113.8,147,347.618748,225.2,2.92,12.22109412
23/03/2022,246.132936,117.6,156.2,369.463642,225.6,2.92,11.7633007
22/03/2022,247.8910284,110.2,153,368.513864,217.6,2.9,11.6040682
21/03/2022,233.435602,99.1,143.9,353.6973272,212.4,2.86,11.0606873
18/03/2022,238.1238484,98.35,153.3,361.865418,212.2,2.84,11.09651462
17/03/2022,248.4770592,102,157.2,370.41342,213.8,2.77,10.58896103
16/03/2022,214.4872728,90.7,140,348.568526,196.6,2.7,10.4197765
15/03/2022,158.1306442,71.25,106,283.033844,166.9,2.62,10.31030416
14/03/2022,175.80924,80.9,112.6,315.1363404,179,2.62,10.37996838
11/03/2022,206.2828416,90.8,135.4,349.3283484,195.1,2.6,10.579009
10/03/2022,231.8728532,96.1,144.2,365.66453,200.2,2.67,10.91737806
09/03/2022,229.52873,96.25,148.5,365.4745744,189.9,2.77,11.11144266
08/03/2022,225.0358272,96.9,145.5,363.9549296,184,2.64,10.19087979
07/03/2022,241.249346,96,146.2,368.513864,203.2,2.62,10.09135948
04/03/2022,256.2908032,99,164.8,382.9504896,212.4,2.73,10.46675009
03/03/2022,279.5366916,104.4,174.2,397.7670264,232.4,2.82,10.92235407
02/03/2022,278.36463,103.9,176.4,402.1360052,239.2,2.85,10.81188653
01/03/2022,281.0994404,103.8,173.4,409.354318,240.4,2.82,12.03200553
28/02/2022,272.6996656,104.2,172.2,400.0464936,237.4,2.93,10.40982447
25/02/2022,269.3788244,105.3,170.2,402.705872,236,2.96,11.48464383
24/02/2022,264.8859216,104.9,170.2,406.3150284,232.2,2.88,11.36521945
23/02/2022,278.36463,112.4,176.6,422.65121,243.4,2.96,11.64984754
22/02/2022,268.7927936,111.4,171.3,422.4612544,236,2.89,11.95238929
18/02/2022,280.318066,119.5,188,446.39566,246.2,2.88,11.34531539
17/02/2022,288.5224972,123,220.8,454.943662,253.6,2.86,11.34531539
16/02/2022,290.2805896,122.5,219.4,452.2842836,247,2.94,11.77325273
15/02/2022,283.6389072,118.4,214,446.39566,240.8,2.95,11.68368445
14/02/2022,282.8575328,118.7,219.6,448.295216,235.4,2.9,11.1860829
11/02/2022,291.6479948,122.4,227.8,453.044106,233.6,2.85,10.82581937
10/02/2022,294.7734924,122.2,233,460.0724632,240.6,2.81,10.80790572
09/02/2022,291.061964,118.8,229.2,458.5528184,243.6,2.78,10.79795368
08/02/2022,278.9506608,111.2,221,446.39566,235.4,2.71,10.61483631
07/02/2022,285.3969996,115,225.8,453.993884,241.4,2.72,10.64867322
04/02/2022,278.1692864,120.4,226.8,454.943662,237,2.71,11.53440398
31/01/2022,273.0903528,114,219.6,448.295216,221.4,2.83,11.36521945
28/01/2022,259.806988,110,208,436.89788,219.8,2.77,10.79795368
27/01/2022,268.4021064,108.5,209.4,439.747214,241.6,2.83,10.69843337
26/01/2022,278.1692864,116.9,225,449.8148608,245.6,2.75,10.62876916
25/01/2022,274.0670708,116.8,225.8,443.3563704,242.4,2.79,10.04159932
24/01/2022,282.4668456,119.1,232.8,446.0157488,252.2,2.69,9.504189648
21/01/2022,299.0710516,127.1,238,450.9545944,260.8,2.67,10.0017912
20/01/2022,292.8200564,131.5,238,447.9153048,261.2,2.65,9.981887139
19/01/2022,274.8484452,124.2,214.4,420.1817262,258,2.65,8.618458885
18/01/2022,272.504322,126.4,215.8,417.4161598,266,2.61,8.777691382
14/01/2022,280.318066,129.3,220.6,436.4063826,263.8,2.75,9.23548481
13/01/2022,286.3737176,132.2,226.2,438.0657225,260.4,2.72,8.862283646
12/01/2022,298.0943336,133,227,443.2281131,259.6,2.69,8.877211693
11/01/2022,268.59745,125.6,208,424.0535192,241.2,2.65,8.648314979
10/01/2022,263.9092036,127.6,206.6,417.784902,245.6,2.6,8.419418264
07/01/2022,262.5417984,128.8,204,408.3819761,247.2,2.59,8.608606375
06/01/2022,250.6258388,121,202.2,402.8508433,249,2.6,8.668219041
05/01/2022,240.6633152,114.5,195.1,396.9509682,250,2.63,8.399514202
04/01/2022,259.2209572,116.9,219.6,414.8349645,272.8,2.71,8.872235677
03/01/2022,264.1045472,115,223.4,418.3380153,265.2,2.72,8.85730763
31/12/2021,267.620732,118.9,225.4,421.1035817,266.6,2.8,9.155868562
30/12/2021,253.7513364,109.9,218.4,408.7507183,263,2.76,9.374813245
29/12/2021,249.2584336,110.6,216,410.041316,262.2,2.71,9.086204345
28/12/2021,254.7280544,113.5,223.4,415.2037067,259.8,2.73,9.434525431
23/12/2021,253.5559928,113.3,226.6,425.7128591,266.2,2.74,9.524093711
22/12/2021,272.6996656,114.9,230.4,408.3819761,265,2.73,9.593757928
21/12/2021,267.0347012,113.9,229,406.3538941,256,2.66,9.61366199
20/12/2021,262.737142,114.5,219.2,396.3978549,251.6,2.66,9.514141679
17/12/2021,273.6763836,117,225.8,403.7726987,265.6,2.81,10.01174323
15/12/2021,292.4293692,121,241.8,420.1817262,271,2.8,10.26054401
14/12/2021,297.3129592,118.7,246.2,423.8691481,277.4,2.83,9.981887139
13/12/2021,303.3686108,121.1,248,430.1377654,288.2,2.8,10.11126354
10/12/2021,304.9313596,121.2,243,427.1878278,289.8,2.81,9.971935108
09/12/2021,303.759298,123.4,247,435.6688982,291.6,2.78,9.782846518
08/12/2021,299.852426,120.6,245.2,430.5065076,291.8,2.87,9.976911123
07/12/2021,299.852426,126.5,245.8,427.55657,292.2,2.86,9.484285586
06/12/2021,298.875708,112.7,232.4,412.8068824,284,2.82,9.543997773
03/12/2021,314.1125088,119.4,241.2,426.4503435,297.8,2.82,9.583805897
02/12/2021,334.037556,122.6,247.8,436.5907537,305.4,2.81,9.404669338
01/12/2021,333.4515252,125.7,244.6,432.1658474,305.8,2.75,8.847355599
30/11/2021,331.8887764,127.3,238,423.5004059,306.4,2.82,9.016540127
29/11/2021,342.4373308,130,245,426.2659724,302.2,2.9,9.315101059
26/11/2021,337.944428,129.1,263.6,427.1878278,302,2.95,9.335005121
24/11/2021,344.1954232,131.8,273.4,435.300156,313.8,3.03,9.404669338
23/11/2021,346.5395464,133,265.4,443.5968553,317,3.05,9.384765276
22/11/2021,350.8371056,137.1,274,455.7653476,317,3.04,9.344957152
19/11/2021,344.1954232,139.3,280.8,457.2403164,299.8,3.06,9.663422145
18/11/2021,315.479914,156,285.4,457.9778008,302.8,3.11,9.344957152
17/11/2021,327.20053,164.8,292.6,469.2244376,298.8,3.13,9.19070067
16/11/2021,330.130684,165.2,297.4,463.232377,299.8,3.12,9.384765276
15/11/2021,327.9819044,161.5,289.6,453.3685234,294,3.14,9.489261602
12/11/2021,321.9262528,162.4,289.8,447.2842772,300,3.14,9.394717307
11/11/2021,306.1034212,163.2,282.4,440.2781756,301.6,3.19,9.780856111
10/11/2021,300.829144,161.2,277.4,445.8093085,299.4,3.18,9.175772624
09/11/2021,294.5781488,157.1,270.4,427.7409411,310.6,3.2,8.926971848
08/11/2021,298.4850208,157.3,271.2,427.55657,304,3.15,8.65826701
05/11/2021,302.5872364,159.9,276.8,430.8752498,311,3.22,8.966779972
04/11/2021,316.2612884,165.6,286,443.2281131,315.6,3.14,8.489082482
03/11/2021,309.0335752,160.6,277,432.3502185,292.8,3.14,8.608506854
02/11/2021,306.8847956,161.6,271,427.7409411,297.6,3,7.896936635
01/11/2021,299.2663952,159.5,267.4,432.9033318,287.2,3.05,8.011384992
29/10/2021,303.1732672,163,269.6,443.4124842,296.6,2.96,7.90191265
28/10/2021,305.3220468,165.2,272.2,450.0498437,301.8,2.94,8.138770989
27/10/2021,305.3220468,164.5,268.6,448.9436171,308.8,2.68,8.304969907
26/10/2021,318.0193808,169.5,283,462.7714492,311.4,2.7,8.071097178
25/10/2021,317.43335,174,286.8,465.5370157,302.8,2.72,8.732907242
22/10/2021,317.43335,174.4,289.2,469.6853653,295.4,2.62,8.479130451
21/10/2021,319.386786,173.9,288.4,465.9979434,282,2.63,8.628410916
20/10/2021,323.4890016,175.8,293.8,469.6853653,285,2.73,9.378794057
19/10/2021,315.479914,164.8,285.6,460.0058828,281,2.67,9.454429493
18/10/2021,310.4009804,162.9,280.4,458.1621719,276.8,2.79,10.20083182
15/10/2021,307.4708264,161.8,280.8,456.8715742,273,2.79,10.30035213
12/10/2021,297.3129592,161.3,269,445.4405663,253.8,2.7,9.864453172
11/10/2021,304.3453288,167.8,277.4,457.2403164,258.8,2.7,9.882366828
08/10/2021,289.3038716,155.5,256,444.1499686,246,2.74,10.03164729
07/10/2021,283.24822,147.3,250.8,434.5626717,248.6,2.68,9.648494099
06/10/2021,266.8393576,137.3,228.6,411.5162847,239.8,2.71,9.872414797
05/10/2021,269.1834808,135.3,233.6,414.8349645,246.6,2.73,10.74819353
04/10/2021,268.2067628,137,236.8,421.2879528,241.8,2.74,10.30035213
30/09/2021,276.6065376,142.2,246.6,425.3441169,243,2.76,11.93248522
29/09/2021,286.9597484,148.3,250,428.6627966,238.6,2.8,9.942079014
28/09/2021,292.2340256,150.9,251.8,433.0877029,242.2,2.79,10.19087979
27/09/2021,285.5923432,141.9,248.4,428.2940544,242.2,2.88,10.50934478
24/09/2021,285.3969996,144.3,244.6,424.2378903,243,2.92,10.59891306
23/09/2021,289.4992152,148.4,242.6,427.0034568,242.2,2.95,10.96713821
21/09/2021,284.0295944,148.7,230.6,414.8349645,243,2.92,10.90742603
20/09/2021,287.7411228,151.5,234.6,418.7067575,243.8,2.9,10.34016026
17/09/2021,300.2431132,154.9,240.8,425.7128591,257.4,2.96,10.85766587
16/09/2021,286.9597484,151.5,232.6,415.7568199,249,3.03,10.83776181
15/09/2021,288.13181,154,234,417.9692731,258.4,3.03,10.89747399
14/09/2021,306.2987648,158.3,245,435.8532693,263,3.08,11.07661055
13/09/2021,305.9080776,160.8,247.8,440.6469178,256,3.07,11.24579508
10/09/2021,313.7218216,167.9,259.4,451.7091835,261.6,3.01,10.99699431
09/09/2021,298.0943336,161,248.6,442.4906288,262.4,3.05,10.96713821
08/09/2021,315.8706012,170.9,261,483.5131975,269.6,3.04,10.98704227
07/09/2021,310.0102932,170,257.4,475.2164982,270.8,3.2,10.93728212
03/09/2021,304.9313596,164.9,244.8,449.8654726,254.4,3.14,10.37001635
02/09/2021,307.66617,171,253.6,457.2403164,262.2,3.15,10.34016026
01/09/2021,304.1499852,165.2,253.4,450.2342148,256.4,3.28,10.59891306
31/08/2021,299.2663952,165.5,249,443.5968553,263.4,3.26,10.62876916
30/08/2021,291.4526512,158.2,228.4,429.400281,261.4,3.27,10.88732292
27/08/2021,297.7036464,155.9,225,429.9533943,262.4,3.23,11.12637071
26/08/2021,289.6945588,162.2,226.8,434.9314138,256.4,3.21,10.60388908
25/08/2021,287.155092,164.1,227,437.5126092,266.4,3.32,10.85766587
24/08/2021,273.48104,166.5,221.8,435.1157849,266.6,3.27,10.77307361
23/08/2021,237.9285048,152.1,195.4,399.9009057,262.4,3.18,10.15107167
20/08/2021,235.7797252,157.9,193.4,392.1573197,250.4,3.19,10.84771384
19/08/2021,240.8586588,162.1,202.6,388.2855267,258.4,3.11,10.64867322
18/08/2021,247.5003412,171.6,218.2,402.1133589,256.8,3.02,10.30035213
17/08/2021,244.1795,171.8,213.6,401.0071323,252.8,3.06,10.24063995
16/08/2021,257.4628648,180.4,221.4,418.3380153,253.6,3.06,10.51929682
13/08/2021,267.620732,184,233.4,433.4564451,273.4,3.12,10.79297767
12/08/2021,269.7695116,188.7,236.6,444.3343397,276.8,3.12,10.99201829
11/08/2021,275.0437888,191.2,237.2,446.1780507,268.4,3.15,10.89747399
10/08/2021,278.5599736,192.9,239,448.2061327,270,3.2,11.03630483
06/08/2021,269.9648552,193.5,213.8,418.1536442,275.4,3.22,11.00197032
05/08/2021,267.2300448,192.5,211.2,404.6945542,270.8,3.17,11.19603493
04/08/2021,270.9415732,192.3,213.6,421.1035817,280.6,3.16,11.3154593
03/08/2021,269.3788244,193.5,211.6,411.1475426,259,3.25,11.32909358
02/08/2021,270.7462296,191.9,216,437.8813514,258.2,3.23,11.90262913
30/07/2021,270.1601988,189,215,441.5687733,239,3.17,11.90262913
28/07/2021,245.156218,183.2,208.6,412.2537691,211,3.32,12.7585038
26/07/2021,260.9790496,192.1,235.6,451.7091835,217.8,3.25,13.02720864
23/07/2021,283.0528764,205.2,273.2,489.5052581,227.2,3.19,13.03716067
22/07/2021,288.3271536,207.4,279.8,501.4893793,223.8,3.21,12.93764036
21/07/2021,279.5366916,203,270.2,495.9582464,218.6,3.26,12.51467904
20/07/2021,281.0994404,202.8,275.2,500.106596,206,3.2,12.82816802
19/07/2021,282.8575328,202.6,276.2,506.5595844,208.2,3.21,12.63410341
16/07/2021,291.061964,209.4,290.8,519.9264888,212.4,3.39,13.28596145
15/07/2021,290.085246,210.6,290.4,520.8483443,213.8,3.4,13.38548176
14/07/2021,288.9131844,206.4,290,513.0125727,221,3.47,13.2063452
09/07/2021,272.504322,195.5,279.2,496.4191741,216.2,3.36,11.64387632
08/07/2021,270.1601988,197.3,267.6,486.7396916,219.8,3.32,12.27085428
07/07/2021,280.318066,205.8,286,505.6377289,225.2,3.37,12.53955912
06/07/2021,286.3737176,209.4,289.8,515.3172114,223.8,3.36,12.12157381
02/07/2021,293.7967744,212,304,529.6059713,221.2,3.43,11.84291694
30/06/2021,298.2896772,220,320.4,538.3635983,232.2,3.44,12.58931927
29/06/2021,294.968836,219.4,323.8,544.3556589,236.6,3.49,12.83812005
28/06/2021,293.2107436,222,328.6,548.9649363,234.8,3.53,12.86548813
25/06/2021,288.13181,215.6,330,551.7305027,229,3.44,12.77840786
24/06/2021,279.5366916,210.2,315,537.4417428,227.6,3.64,13.0471127
23/06/2021,279.341348,207.2,308,536.9808151,229.8,3.59,12.87792817
22/06/2021,272.3089784,203,292.8,528.6841158,223.2,3.66,12.52960709
18/06/2021,279.7320352,207,300.6,555.8788524,232.4,3.69,12.35047053
17/06/2021,270.1601988,203.8,290,552.1914305,223,3.76,12.39027865
16/06/2021,267.4253884,203.4,288.8,549.8867918,206,3.79,12.6291274
15/06/2021,269.574168,206.4,302.4,553.1132859,224.4,3.82,12.64903146
11/06/2021,272.6996656,205.2,307.2,549.425864,214.4,3.74,12.35047053
10/06/2021,276.8018812,207.6,298,553.5742137,212,3.8,12.65898349
09/06/2021,274.8484452,208,293.2,555.8788524,199.5,3.79,12.8878802
08/06/2021,281.294784,210.2,297,554.0351414,201.6,3.9,13.08692082
07/06/2021,282.4668456,212,300,553.5742137,189.7,3.9,12.93764036
04/06/2021,288.5224972,210.2,302.2,563.7146239,191.9,3.87,12.93764036
03/06/2021,288.9131844,210.8,307.4,567.4020458,189.7,3.79,12.47984693
02/06/2021,292.8200564,214.4,311.8,579.386167,193,3.81,12.56443919
01/06/2021,290.8666204,218.2,313,578.9252393,190.9,3.66,12.3106624
28/05/2021,275.8251632,207.4,265.2,554.4960692,177.7,3.46,11.74339663
27/05/2021,277.7785992,208.8,271.8,558.1834911,176.5,3.37,11.65880437
26/05/2021,280.9040968,207,279.6,569.7066845,175.4,3.29,11.78320476
25/05/2021,278.36463,206,276.6,562.3318407,171.3,3.3,11.7633007
24/05/2021,275.8251632,205,271,539.7463815,167.6,3.33,12.03200553
21/05/2021,282.0761584,208,275.2,542.511948,163.9,3.3,11.6040682
20/05/2021,274.2624144,206,273.2,561.4099852,160.9,3.35,11.36521945
18/05/2021,264.4952344,207.6,260,560.027202,151.3,3.33,11.42493164
17/05/2021,259.6116444,205.4,254.2,553.5742137,152.9,3.34,11.21593899
14/05/2021,261.9557676,204.6,244,537.4417428,143.8,3.31,10.95718618
13/05/2021,270.1601988,213.2,251.6,534.6761764,141.2,3.22,11.07661055
12/05/2021,279.7320352,220.2,255.2,551.7305027,148.9,3.22,11.04675446
11/05/2021,265.8626396,207.6,249,538.8245261,142,3.27,11.74339663
10/05/2021,280.5134096,215.2,262.8,548.5040086,146.2,3.21,11.92253319
07/05/2021,285.7876868,219.8,282.8,553.1132859,145,3.12,11.97726936
06/05/2021,288.5224972,221.6,285.8,562.7927685,153.8,3.12,11.56426007
05/05/2021,289.108528,220,287,562.7927685,157.1,2.79,11.4448357
04/05/2021,293.7967744,225.2,291.8,573.3941064,159.5,2.72,11.42493164
03/05/2021,291.8433384,223.8,293.2,575.6987451,156.8,2.75,11.61402023
30/04/2021,291.8433384,225,298,574.3159619,160.3,2.78,11.70358851
29/04/2021,299.852426,231.4,309.2,582.1517335,168.8,2.89,11.70358851
28/04/2021,297.5083028,231.6,309.4,578.9252393,174.4,2.85,11.62397226
27/04/2021,291.061964,226.4,313,576.1596729,177.5,2.82,11.05670649
26/04/2021,292.2340256,224.6,305,579.386167,177.1,2.87,11.24579508
23/04/2021,290.085246,224.4,306.4,582.6126612,180.5,2.92,11.11641868
22/04/2021,284.6156252,221.4,292,572.472251,177.5,2.95,11.03182641
21/04/2021,280.5134096,221.8,282.2,561.4099852,177.8,2.9,11.87277304
20/04/2021,291.061964,228.2,293.6,573.8550342,183,2.84,10.99699431
19/04/2021,294.3828052,232,289.2,578.0033838,184.6,2.86,11.1562268
16/04/2021,295.945554,235.6,290.2,582.6126612,176.2,2.88,11.39507555
15/04/2021,293.992118,233.8,284.8,571.5503955,175,2.85,11.17115485
14/04/2021,298.875708,237.8,286,574.7768896,178.3,2.82,11.14627477
13/04/2021,291.4526512,233.2,276,560.4881298,168.3,2.77,11.01689837
12/04/2021,302.0012056,232.2,298.2,565.5583349,170.4,2.74,10.91737806
09/04/2021,308.642888,218,314,572.0113232,175.1,2.77,10.94723415
08/04/2021,313.3311344,223,320.8,571.5503955,178,2.81,11.35029141
07/04/2021,316.8473192,222,318,580.3080225,177.8,2.72,10.97211423
01/04/2021,328.3725916,225.6,325.8,602.8934817,177.5,2.67,10.35011229
31/03/2021,314.503196,220,298.2,562.3318407,164.9,2.74,10.50436877
30/03/2021,311.573042,221.6,293.6,561.870913,170.4,2.74,10.33020823
29/03/2021,306.1034212,216.2,280.4,564.1755517,171.1,2.7,9.185724655
26/03/2021,305.9080776,216,302,571.5503955,177,2.68,9.912222921
25/03/2021,300.6338004,221,287.4,558.6444188,168,2.68,9.937102999
24/03/2021,311.7683856,230,292,574.7768896,168.2,2.67,9.762942456
23/03/2021,315.479914,230,303.8,579.386167,180.6,2.77,10.10628753
22/03/2021,320.363504,231.2,320.6,583.9954444,187.1,2.88,10.34016026
19/03/2021,318.8007552,234.6,333,578.9252393,184.8,2.87,10.69345736
18/03/2021,323.293658,233.6,337.4,590.4484327,192,2.76,10.24063995
17/03/2021,321.340222,222.6,325.4,575.6987451,190.5,2.79,10.56408095
16/03/2021,323.293658,221.4,329.6,581.229878,191,2.71,10.18092776
15/03/2021,314.6985396,221.4,317.2,578.9252393,185.6,2.74,10.35011229
12/03/2021,335.4049612,226,333,599.6669875,191.1,2.75,10.53920088
11/03/2021,352.3998544,227.6,344.6,627.3226518,196.1,2.75,10.74421272
10/03/2021,333.4515252,228.4,317,607.0418313,185.7,2.71,7.464023284
09/03/2021,319.386786,224,302,593.6749269,176.5,2.64,9.543997773
08/03/2021,328.3725916,220.6,308.8,592.2921437,175.1,2.56,9.404669338
05/03/2021,349.0790132,227,337,625.9398686,195,2.71,10.68848134
04/03/2021,354.3532904,227.2,340,636.0802788,197,2.66,10.71833744
03/03/2021,369.0040604,232.4,372.6,666.5015096,214.4,2.55,10.43968057
02/03/2021,369.0040604,229.4,362.4,643.4551227,214.6,2.52,11.86282101
01/03/2021,365.8785628,234.6,366.8,642.5332672,213,2.5,10.58896103
26/02/2021,351.61848,232.4,340,610.7292532,197.2,2.55,10.43968057
25/02/2021,369.199404,243.4,370.4,637.4630621,216.2,2.62,10.77804962
24/02/2021,365.0971884,242.8,365.8,633.3147124,212.2,2.73,11.20598696
23/02/2021,379.943302,247.6,392.8,651.7518219,225.6,2.76,11.1562268
22/02/2021,385.80361,250.6,400.2,657.7438825,239.4,2.7,11.24579508
19/02/2021,401.0404108,257,423.6,683.0949081,249,2.81,12.03200553
18/02/2021,403.9705648,260.4,428,689.0869687,253.8,2.76,11.82102248
17/02/2021,407.0960624,267,451.4,698.3055235,265.4,2.87,12.03698155
16/02/2021,382.4827688,264.2,439.2,686.7823301,269.6,2.88,12.70834556
11/02/2021,377.7945224,261,445,697.8445958,265,2.83,12.39027865
10/02/2021,375.059712,262,430.4,701.5320177,267,2.83,12.58931927
09/02/2021,358.455506,255.4,409,682.6339804,260,2.81,12.78835989
08/02/2021,358.8461932,256.4,406.4,678.9465585,250,2.83,12.81722078
05/02/2021,360.9949728,258,401.4,675.7200643,249.6,2.92,12.77343185
04/02/2021,359.432224,262.2,401,678.024703,255,2.91,12.71272446
03/02/2021,368.8087168,261,414.2,678.4856308,267,2.96,12.87792817
02/02/2021,363.7297832,260,395,667.8842928,262.2,2.92,12.44999084
01/02/2021,344.781454,251.2,391,656.3610993,245,2.9,11.65382835
29/01/2021,337.7490844,246.8,355.8,628.2445073,237.4,2.79,11.73330527
28/01/2021,342.2419872,251.6,355.6,627.7835795,236,2.9,12.39027865
27/01/2021,364.1204704,260,364,646.6816168,254,2.86,11.94243725
26/01/2021,373.106276,253.4,378.6,662.3531599,261.4,2.9,13.40538582
25/01/2021,378.5758968,258,399.8,706.6022228,278.4,2.85,13.43524191
22/01/2021,356.6974136,250.6,380.2,637.0021343,254.6,2.8,12.3405185
21/01/2021,361.38566,258.6,375.2,629.1663628,248.4,2.94,12.76845583
20/01/2021,355.7206956,265,372,626.4007963,244,3.04,13.08692082
19/01/2021,344.1954232,244.2,341,603.8153372,234,3.07,13.0471127
15/01/2021,342.2419872,241,307.6,594.5967824,245.8,3.05,13.36557769
14/01/2021,345.1721412,235,313.2,580.3080225,249,3.18,14.35082877
13/01/2021,338.5304588,223.8,296.4,549.425864,258,3.08,13.34567363
12/01/2021,344.5861104,220,302,543.8947312,253.8,3.19,13.15658504
11/01/2021,345.3674848,221,309.6,544.8165867,256.2,2.96,12.64903146
08/01/2021,339.5071768,224.2,318,528.2231881,240.2,3.07,13.03716067
07/01/2021,342.828018,221,308,524.0748384,235.2,2.99,12.17929559
06/01/2021,356.50207,230,310,549.8867918,223.6,3.07,11.94243725
05/01/2021,330.9120584,223,296.6,537.9026706,229.6,3.06,12.79831192
04/01/2021,335.6003048,227.6,292.6,527.7622603,223.2,2.99,12.85802411
31/12/2020,334.037556,232.6,294.6,519.9264888,203.2,3.06,13.3357216
30/12/2020,329.9353404,236.2,287.8,515.7781391,195,3.05,13.06383211
29/12/2020,314.503196,222,273.4,489.0443303,192.5,3.12,12.9177363
28/12/2020,310.9870112,210,260,478.4429923,199.7,3.03,12.69879161
24/12/2020,317.8240372,228.2,279.2,512.551645,193.5,3.05,12.6291274
23/12/2020,325.247094,248.4,287,526.3794771,198.4,3.02,12.98740051
22/12/2020,307.8615136,248.8,276.2,527.7622603,193.7,3.03,12.60922333
21/12/2020,306.1034212,250,278.4,527.3013326,206.6,3.04,12.94759239
18/12/2020,312.9404472,255.6,278.4,534.6761764,185,3.13,13.465098
17/12/2020,315.479914,258,285,537.4417428,182.8,3.19,14.05226784
16/12/2020,304.3453288,251,279.2,526.8404049,180.9,3.16,13.43524191
15/12/2020,299.2663952,246,274.2,516.2390669,178.5,3.1,17.84399166
14/12/2020,307.8615136,251.6,282.6,526.3794771,179.5,3.02,12.43506279
11/12/2020,312.7451036,258.4,293.8,542.0510202,174.1,3.13,12.35047053
10/12/2020,311.573042,255.4,287,532.8324655,175.1,3.15,12.50970302
09/12/2020,313.7218216,260.8,286.4,539.2854538,179,2.99,12.47984693
08/12/2020,318.2147244,258,287.6,537.4417428,181.4,2.96,12.68585397
07/12/2020,324.0750324,258,282.4,537.9026706,176.9,2.95,12.57936724
04/12/2020,331.4980892,264,288.6,542.511948,175.5,2.91,12.93764036
03/12/2020,323.6843452,257.4,275.8,542.9728757,172.9,2.89,13.12672895
02/12/2020,318.410068,255.2,277.8,529.1450436,172.8,2.88,12.40023068
01/12/2020,327.7865608,257.2,289.2,532.8324655,187.6,2.86,12.42411556
30/11/2020,330.7167148,261.4,290,519.0046333,182.1,2.66,12.82816802
27/11/2020,334.8189304,269.6,312,537.4417428,186.9,2.73,12.18725722
25/11/2020,335.014274,267,293.6,528.2231881,192.7,2.76,12.19720925
24/11/2020,340.0932076,270,303.4,538.3635983,199.8,2.78,12.24099819
23/11/2020,336.5770228,264,308,540.2073093,198.2,2.74,11.99219741
19/11/2020,324.4657196,245.2,294,528.2231881,172.3,2.8,12.181286
18/11/2020,332.08412,250,300,542.9728757,176.5,2.77,12.00712546
17/11/2020,333.8422124,249.8,303,536.0589596,170.3,2.91,12.48979896
16/11/2020,359.432224,254,318.4,550.3477195,179.8,2.87,12.09569853
13/11/2020,340.2885512,257,305.8,554.9569969,181.9,2.8,12.15769969
12/11/2020,315.479914,253,286.8,531.91061,177,2.71,11.90262913
11/11/2020,293.0154,248.4,271,507.9423676,157,2.79,12.29075834
10/11/2020,322.7076272,275.4,300,548.5040086,184.5,2.86,12.26090225
09/11/2020,353.7672596,290.2,335.2,573.8550342,196,2.66,12.50970302
06/11/2020,349.8603876,282,326.8,566.4801904,194,2.48,12.60922333
05/11/2020,352.595198,294.6,329.6,576.1596729,197.2,2.43,12.24099819
04/11/2020,322.31694,277.2,313.8,542.511948,170,2.25,11.70358851
03/11/2020,314.503196,299.8,296,551.269575,170.3,2.25,10.84273782
02/11/2020,312.9404472,297.8,294.6,554.4960692,173.7,2.18,11.51449992
30/10/2020,307.8615136,293.2,288.2,544.8165867,154.1,2.14,10.4496326
29/10/2020,310.596324,302.6,297.2,557.7225633,156.6,2.26,10.78999206
28/10/2020,313.526478,307.4,280,554.0351414,149.1,2.33,10.77804962
27/10/2020,309.0335752,300,266,539.2854538,141.4,2.44,11.30550727
23/10/2020,308.642888,298,262.4,517.6218501,135.9,2.51,10.84771384
22/10/2020,315.479914,300,269,519.4655611,145.6,2.45,11.31048328
21/10/2020,315.2845704,300.2,269,522.2311275,139.5,2.41,11.17613086
20/10/2020,310.2056368,299.4,260.8,520.3874165,139.9,2.42,11.49758147
19/10/2020,309.619606,297.2,259,517.6218501,128.4,2.37,10.90742603
16/10/2020,307.66617,294,265.8,513.4735005,129.6,2.35,11.08656258
15/10/2020,304.1499852,284.8,265,508.8642231,134.3,2.42,11.09651462
14/10/2020,316.456632,297.6,278.4,528.6841158,134.5,2.51,10.75655324
12/10/2020,309.4242624,292,275.2,513.4735005,129,2.52,11.13134672
09/10/2020,300.6338004,286.2,270,497.3410296,122.4,2.47,10.76809759
08/10/2020,297.89899,289.6,266.8,493.19268,128.4,2.46,10.62279794
07/10/2020,298.0943336,288.2,267.8,493.19268,121.2,2.43,10.07643143
06/10/2020,291.6479948,280,258,486.2787639,122.1,2.42,9.892318859
05/10/2020,290.4759332,282,245.8,483.9741252,123.6,2.32,10.24561596
30/09/2020,286.9597484,275.6,241.8,471.5290763,121.4,2.26,10.23964474
29/09/2020,288.3271536,265.4,234.6,465.9979434,108.2,2.19,10.09135948
28/09/2020,283.24822,263.4,237,466.4588711,104.9,2.23,10.2904001
25/09/2020,275.6298196,258,232,464.1542325,103.1,2.33,10.40982447
24/09/2020,281.6854712,261,238.6,465.5370157,103.5,2.31,10.33020823
23/09/2020,285.5923432,267,250,473.833715,107.4,2.24,10.37996838
22/09/2020,283.24822,264.8,242.6,471.5290763,106.2,2.36,9.454429493
21/09/2020,280.5134096,262,241.6,476.1383537,102.2,2.36,9.534045742
18/09/2020,285.0063124,269.6,241.6,483.9741252,110.5,2.39,9.593757928
17/09/2020,280.318066,267.8,240.8,485.8178362,109.7,2.54,10.93728212
16/09/2020,291.4526512,273,248.2,492.7317522,103.6,2.42,12.0220535
15/09/2020,294.7734924,267.4,243.6,488.1224748,97.3,2.44,9.832606673
14/09/2020,286.9597484,268.2,244.6,488.1224748,86.4,2.39,9.857486751
11/09/2020,288.13181,266,242.8,475.6774259,87.15,2.29,9.514141679
10/09/2020,288.13181,262.6,233,466.4588711,81.25,2.33,9.514141679
09/09/2020,288.7178408,263.2,232,464.6151602,79.15,2.33,10.373201
08/09/2020,297.89899,269.6,238,468.7635098,82.5,2.32,10.04060412
04/09/2020,300.6338004,274,261.8,477.5211369,81.95,2.37,9.543798732
03/09/2020,315.6752576,284.2,262.6,492.2708245,85,2.41,9.484285586
02/09/2020,324.270376,291.2,272.8,502.4112347,86.55,2.38,9.534045742
01/09/2020,302.0012056,282.8,264.6,496.8801019,87.65,2.35,9.245436841
31/08/2020,303.3686108,282.8,255.6,489.0443303,77,2.25,8.884178114
28/08/2020,301.2198312,277,265.2,498.2628851,77.15,2.38,9.245436841
27/08/2020,309.2289188,280.6,271,514.3953559,78.1,2.29,8.618458885
26/08/2020,308.4475444,280.4,258.8,508.4032953,75.9,2.29,8.553770684
25/08/2020,291.061964,269.2,257.6,501.950307,73.25,2.32,8.817499506
24/08/2020,292.038682,264.4,265.8,505.1768012,71.25,2.33,8.661252619
21/08/2020,280.9040968,252.8,245.2,477.5211369,70.15,2.33,8.668219041
20/08/2020,273.2856964,255,234.6,468.3025821,70.2,2.34,8.887163724
19/08/2020,271.527604,255.4,231,466.4588711,72,2.34,8.737883258
18/08/2020,259.4163008,252,235,471.990004,71.75,2.39,9.056348251
17/08/2020,236.9517868,242.8,218.2,465.0760879,72.15,2.36,8.46917842
14/08/2020,237.342474,246.8,219.8,466.9197989,73.45,2.45,9.061324267
13/08/2020,238.7098792,248.2,211.4,470.1462931,73.3,2.47,9.036444189
12/08/2020,235.389038,243.4,213.8,479.8257756,73.5,2.49,9.016540127
11/08/2020,236.7564432,244,218.4,473.3727872,75.45,2.48,9.369837229
10/08/2020,234.8030072,242.4,223,462.7714492,76.4,2.43,9.255388872
07/08/2020,240.6633152,249.2,222.4,486.2787639,78.35,2.46,9.364861214
06/08/2020,248.086372,257,221.2,512.0907172,79.6,2.49,9.653470114
05/08/2020,247.109654,255.8,218.4,517.1609224,78.35,2.49,9.603709959
04/08/2020,246.132936,253.8,218,507.0205121,77.9,2.53,9.23548481
03/08/2020,241.4446896,245.6,200.6,496.8801019,74.65,2.58,9.340976339
31/07/2020,235.1936944,246,191.9,492.2708245,74.05,2.68,9.663422145
30/07/2020,235.1936944,244.8,195,493.19268,73.55,2.84,9.683326207
29/07/2020,234.2169764,243,193,499.1847406,75.35,2.9,8.623434901
28/07/2020,237.7331612,244.6,191,501.0284515,74,2.93,8.634879737
27/07/2020,231.2868224,239,185,479.3648478,71.45,2.99,8.722955211
24/07/2020,229.3333864,239,190.7,486.7396916,72.45,2.87,8.52391459
23/07/2020,235.9750688,246.6,199,513.4735005,79.5,2.79,8.598554823
22/07/2020,236.5610996,248,192.2,496.8801019,74,2.9,8.931947863
21/07/2020,248.2817156,257,205,519.9264888,78.4,2.86,8.971755987
20/07/2020,236.1704124,239.6,188.4,481.6694865,77.45,2.66,8.528890606
17/07/2020,234.9983508,238.8,191.1,480.2867033,69,2.61,8.46917842
16/07/2020,229.52873,233.2,185.1,472.9118595,69.65,2.65,8.708027165
15/07/2020,235.5843816,243.4,200.6,500.5675238,79,2.69,8.215401628
14/07/2020,236.1704124,240.4,197.1,483.9741252,82.55,2.62,8.160665457
13/07/2020,249.6491208,254.4,206,498.7238128,89.8,2.61,7.778507465
10/07/2020,254.3373672,255.4,208.2,503.7940179,77.3,2.83,8.065125959
09/07/2020,259.806988,261.6,209.8,519.0046333,74.6,2.78,8.036265069
08/07/2020,241.8353768,237.8,199.8,500.5675238,74,2.81,8.163651067
07/07/2020,236.365756,232.4,185,475.6774259,71.25,2.71,8.09100124
06/07/2020,239.1005664,225.4,191,479.3648478,72,2.69,8.051193116
02/07/2020,230.3101044,214.4,179.4,477.9820646,59.8,2.66,7.951672805
30/06/2020,226.4032324,209.6,171.9,459.6371406,59.85,2.64,7.225174539
29/06/2020,224.4497964,209.4,171.7,448.0217616,59.65,2.68,7.483927346
26/06/2020,228.9426992,214.6,174.7,447.0999061,59.85,2.55,7.294838756
24/06/2020,229.3333864,221.4,178.4,452.4466679,61.05,2.59,7.599370906
23/06/2020,224.64514,220,176.8,458.530914,60.45,2.72,8.071097178
22/06/2020,222.691704,213,170.5,437.143867,59.4,2.71,7.752632184
19/06/2020,228.1613248,219,174,424.4222614,59.85,2.6,7.812344371
18/06/2020,228.552012,217.8,172.5,422.2098083,58.1,2.59,7.543639532
